Part,PartDesc,Price,Status
S0030600,FAB A SECTION PIPE WITH HEX PLATE.,$1012,OUT OF STOCK
S0070002,"WELDMENT; TUNING SHAFT, PC1000C",$128,OUT OF STOCK
S0070003,"WELDMENT; TUNING SHAFT, PC1KILO",$60,OUT OF STOCK
S0070008,WELDMENT; PC1000C C/2 AND C/3 COUPLER,$2250,OUT OF STOCK
S0189700,"HINGE; 3""X 0.632"" HALF SLOT .C",$25,OUT OF STOCK
S0266700,ENCLOSURE; PC SERIES,$1192,OUT OF STOCK
S0366900,ENCLOSURE; SCARAB A 3669,$639,OUT OF STOCK
S0373100,DOOR; SCARAB SER XMTER,$397,OUT OF STOCK
S0375800,BOX;  AC ADPTR FOR SCARAB,$469,OUT OF STOCK
S0375900,"BOX, BATTERY FOR SCARAB 12V .D",$351,OUT OF STOCK
S0500000,ENCLOSURE; SA EMI FILTER MODULE,$210,OUT OF STOCK
S0500001,DOOR; EMI FILTER MODULE,$190,OUT OF STOCK
S0548900,"ENCLOSURE; SA400-1000D 19"" .G",$1125,OUT OF STOCK
S0660500,ENCLOSURE; PC1KILO USCG,$965,OUT OF STOCK
S0660600,LID; COUPLER PC1KILO USCG,$225,OUT OF STOCK
S1045201,ASSEMBLY;  SPARK GAP PC1000/C2 & C3,$100,OUT OF STOCK
S1050008,SHIELD;  LOAD CENTER / BATTERY CHARGER,$30,OUT OF STOCK
S1050009,SHIELD; ACTRL COVER BRACKET,$70,OUT OF STOCK
S1065600,PANEL; ACS CPLR,$176,OUT OF STOCK
S1070001,"SPARK GAP; INTERIOR, PC1KILO,  USCG",$18,OUT OF STOCK
S1070003,ANGLE; BRACKET LOCK,$45,OUT OF STOCK
S1086501,"SHIELD; RAIN PC1000C2, C3",$100,OUT OF STOCK
S1090000,PLATE;TWIN,$30,3 In Stock2
S1100064,COVER; FUSE,$30,OUT OF STOCK
S1131600,PANEL; BRACE ANTENNA COUPLER  RIGHT,$67,OUT OF STOCK
S1170500,ENCLOSURE; PL NUT,$14,OUT OF STOCK
S1170600,ENCLOSURE; CLP .D,$30,OUT OF STOCK
S1189900,HINGE; 3X.70 HALF .D,$24,OUT OF STOCK
S1210000,ASSEMBLY;  BRKT COIL CTG PCH KW .E,$34,OUT OF STOCK
S1213100,CHAS; KILOAD RES .-,$110,OUT OF STOCK
S1263310,"BRACKET; MOUNTING, ENCLOSURE, DARK GREY",$80,OUT OF STOCK
S1268300,"ASSEMBLY;  ELECTRODE, LIGHTNING GAP 12.75 IN",$225,OUT OF STOCK
S1268400,ASSEMBLY;  ELECTRODE LIGHTNING GAP 4.50 IN,$225,OUT OF STOCK
S1307800,ASSEMBLY;  KILOAD RES BRACKET A,$45,OUT OF STOCK
S1307900,ASSEMBLY;  KILOAD RES BRKT B,$45,OUT OF STOCK
S1330096,"BRACKET, SHIPPING PCB MODULE",$10,OUT OF STOCK
S1363300,PL; SSK CPLR FACE,$112,OUT OF STOCK
S1363400,CHA; SSKC CPLR BOT,$128,OUT OF STOCK
S1373600,SCARAB; COUPLER FACEPLATE,$180,OUT OF STOCK
S1375600,D00R; MD ENCL SCARAB,$181,OUT OF STOCK
S1376300,DR; AC ADPTR SCARAB .A,$129,OUT OF STOCK
S1376700,PANEL; CONT AC ADPTR SCARAB .B,$276,OUT OF STOCK
S1377700,ASSEMBLY;  PNL TOP FOR SCARAB12V,$119,OUT OF STOCK
S1382600,SHIELD; LEFT VICOR W/SSCRN,$166,OUT OF STOCK
S1382700,SHIEL;D R VICOR,$96,OUT OF STOCK
S1383100,BKT; LOW FREQ XT COIL HSG .C,$86,OUT OF STOCK
S1389400,BRK; BARMTR SCARAB,$107,OUT OF STOCK
S1391900,ASSEMBLY; BRKT QUAD FLTR CAP .A,$17,OUT OF STOCK
S1393300, BRKT; QUAD FLTR SW,$63,OUT OF STOCK
S1393400,PANEL; QUAD FLTR COV,$133,OUT OF STOCK
S1393500,ENCLOSURE;  SSKC MBRD,$262,OUT OF STOCK
S1394400,ASSEMBLY; PL AC/BATT CHGR MDL,$26,OUT OF STOCK
S1394500,BRKT; ACADPTER/CHARGER MODE,$33,OUT OF STOCK
S1401600,DR; SFT SPRT PC1KW .B,$164,OUT OF STOCK
S1402600,PL; PC1KILO COP INS,$102,OUT OF STOCK
S1436700,RDTR; ELM WN,$61,OUT OF STOCK
S1527000,SHLD; RF DS SER .D,$131,OUT OF STOCK
S1549600,"PANEL; REAR P.A. 19"" :20",$98,OUT OF STOCK
S1550601,PANEL; FRNT SA1000 :60,$223,OUT OF STOCK
S1550700,CHAS; PWR AMP SA400-1000,$268,OUT OF STOCK
S1569900,LID; BATT CHGR 144V .A,$196,OUT OF STOCK
S1581600,BRACKET; MTR SAU,$21,OUT OF STOCK
S1588900,HINGE; 3X.632 HALF SLOT .060THK .A,$19,OUT OF STOCK
S1595300,CHASSIS; SA25-100 19IN UNIVERSAL,$180,OUT OF STOCK
S1596201,PANEL; ACCESS PC1000C/2,$210,OUT OF STOCK
S1628000,PANEL; SA25-100 19IN STAN FR MNT,$249,OUT OF STOCK
S1628200,SHLD; SA25-100 PNL MNT .B,$580,OUT OF STOCK
S1643600,PANEL; FR 144VDC LD CTR/BAT CHGR RM :60,$340,OUT OF STOCK
S1643700,CHASSIS; 144VDC LD CTR/BAT CHGR RM,$203,OUT OF STOCK
S1643800,PANEL; REAR 144VDC LD CTR/BAT CHGR RM,$105,OUT OF STOCK
S1648400,"CHASSIS; RSA 19"" RM",$229,OUT OF STOCK
S1660700,PANEL; CNTL PC1KILO USCG,$109,OUT OF STOCK
S1660800,PANEL; ACS CPLR PC1KILO USCG,$225,OUT OF STOCK
S1664700,PANEL; INSUL PC1KILO USCG,$136,OUT OF STOCK
S1664800,CLP BRKT INSL PC1KILO USCG .A,$17,OUT OF STOCK
S1672000,PANEL; FR 144VDC LD CTR/BAT CHGR RM .B,$213,OUT OF STOCK
S2030900,ASSEMBLY BRACKET FIBERGLASS B SECTION,$32,OUT OF STOCK
S2031000,"ASSEMBLY,  PVC TRIANG",$2,OUT OF STOCK
S2031100,"ASSEMBLY,  PVC PL B/D SECT",$82,OUT OF STOCK
S2031200,"ASSEMBLY,  BRACKET MOUNTING OCTAGON",$27,OUT OF STOCK
S2032100,"ASSEMBLY,  PIPE DET ALUM D SECT :40",$523,OUT OF STOCK
S2061700,"ASSEMBLY,  BKT XFMR SSC :02",$6,OUT OF STOCK
S2061701,"ASSEMBLY,  BKT XFMR SSC :03",$9,OUT OF STOCK
S2061702,"ASSEMBLY,  BKT XFMR SSC :03",$7,OUT OF STOCK
S2061703,"ASSEMBLY,  BKT XFMR SSC :04",$12,OUT OF STOCK
S2091000,"SPACER PORTABLE ANTENNA .56""",$36,15 In Stock
S2100000,"BRACKET, DUMMY ANTENNA",$53,OUT OF STOCK
S2100400,"ASSEMBLY,  INSULATOR SHIELD",$48,OUT OF STOCK
S2122100,FAB BRKT HTSK KW .B,$41,OUT OF STOCK
S2128100,FAB HEATSINK KW SCR BRIDGE,$76,OUT OF STOCK
S2131700,"ASSEMBLY,  COIL FORM 1/2X1 PVC :03",$5,OUT OF STOCK
S2136400,FAB BRKT TUN COIL MTG :05,$26,OUT OF STOCK
S2164100,"SPACER, TRANSFORMER DISC",$8,OUT OF STOCK
S2208700,"ASSEMBLY,  BRACKET MOUNTING  B/D SECT",$4,OUT OF STOCK
S2217000,FAB BRKT DIO BATT SSC R2 .A,$11,OUT OF STOCK
S2231100,"ASSEMBLY,  PL CMPNT LTG PROTR PC :07",$34,OUT OF STOCK
S2247100,"ASSEMBLY,  DET SADDLE TWR LEG",$18,OUT OF STOCK
S2251300,"ASSEMBLY,  BRKT CAP H CPLR",$64,OUT OF STOCK
S2252500,"BUSHING, INSULATOR",$50,OUT OF STOCK
S2257400,"ASSEMBLY,  SPKR COV 2.25X2.25",$1,OUT OF STOCK
S2325300,"ASSEMBLY,  COIL FORM KILO ANT CUR SENSE",$18,OUT OF STOCK
S2325900,"ASSEMBLY,  FAB BKT PC-KILO Z SFMR",$10,OUT OF STOCK
S2326000,"ASSEMBLY,  BRACKET PC-KILO Z TRANSFORMER",$10,OUT OF STOCK
S2326100,"ASEMBLY,  FAB BKT PC-KILO Z XFMR",$7,OUT OF STOCK
S2326200,"ASSEMBLY,  FAB BRACKET PC-KILO Z TRANSFORMER",$10,OUT OF STOCK
S2330016,"BRACKET; TERMINAL BLOCK, IP66 ENCLOSURE",$15,OUT OF STOCK
S2363500,"ASSEMBLY,  HTSK DR SCARAB :60",$226,OUT OF STOCK
S2391200,"ASSEMBLY,  FAB FORM COIL QUAD FLTR",$29,OUT OF STOCK
S2391300,"ASSEMBLY,  FAB FORM COIL QUAD FLTR HORIZ",$22,OUT OF STOCK
S2456700,FAB COIL FORM FLTR SPA :01,$5,OUT OF STOCK
S2460100,"DETAIL,  HEATSINK 6 "" SA SERIES",$150,OUT OF STOCK
S2463600,"ASSEMBLY,  PERIMTR WIRE 45G-90 MAST",$131,OUT OF STOCK
S2476600,"HEATSINK 10"" BLACK ANODIZED :40",$221,OUT OF STOCK
S2476700,"HEATSINK 15"" BLACK ANODIZED :40",$271,OUT OF STOCK
S2486500,"FAB SHFT 6.75"" PC1000C",$100,OUT OF STOCK
S2499900," BRACKET, AC POWER SUPPLY",$24,OUT OF STOCK
S2518200,FAB BRKT MNTG COIL AND MTR,$51,OUT OF STOCK
S2532300,FAB CVR COIL TOP DS SER :10,$31,OUT OF STOCK
S2532400,FAB CVR COIL BOT DS SER :10,$31,OUT OF STOCK
S2545800,FAB BRKT STNDOFF DS410 ANT,$40,OUT OF STOCK
S2555000,FAB GDE CARD SA 250W .C :04,$9,OUT OF STOCK
S2561100,"ASSEMBLY,  FAB SHFT CPLG",$30,OUT OF STOCK
S2573100,FAB BRC COIL,$15,OUT OF STOCK
S2581400,FAB BSHG CPLR PCU SER,$18,OUT OF STOCK
S2595000,"CLAMP,  3.5 ID  34FT MAST ANT .B",$42,OUT OF STOCK
S2612000,"BRACKET, MOUNTING ANGLE OFFSHORE PC COUPLER UNIVERSAL",$100,OUT OF STOCK
S2614400,FAB COIL FORM FLTR H SPA,$3,OUT OF STOCK
S2617600,FAB PL DUM ANT,$27,OUT OF STOCK
S2622200,FAB BRKT PNL R,$20,OUT OF STOCK
S2646200,FAB COIL FORM FLTR SB SER,$3,OUT OF STOCK
S2654300,FAB BRKT FRNT XFMR SC SER :20,$152,OUT OF STOCK
S2654400,FAB BRKT XFMR SC SER :10,$108,OUT OF STOCK
S2654500,FAB BRKT BACK XFMR SC SER,$125,OUT OF STOCK
S2663000,FAB COIL FORM FLTR SC SER,$10,OUT OF STOCK
S2678100,"ASSEMBLY, GUY SAFETY 6FT 3/16 EXTRA HEAVY STRENGTH 1X7",$40,OUT OF STOCK
S2678101,"ASSEMBLY, GUY SAFETY 6FT 1/4 EXTRA HEAVY STRENGTH 1X7",$46,OUT OF STOCK
S3030800,"FIBERGLASS PIPE, ""B"" SECTION, MAST ANTENNA",$706,OUT OF STOCK
S3031400,"ASSEMBLY,  COIL FORM",$57,OUT OF STOCK
S3031500,"ASSEMBLY,  SKT B SECT",$158,OUT OF STOCK
S3031800,"FIBERGLASS PIPE, ""D"" SECTION, MAST ANTENNA",$471,OUT OF STOCK
S3031900,"ASSEMBLY,  SKIRT D SECTION",$101,OUT OF STOCK
S3178100,"ASSEMBLY,  TUNING  RING FIB2.25X4.50",$74,OUT OF STOCK
S3198600,FAB COILFORM TUN RING 6.6X4,$133,OUT OF STOCK
S3198900,"ASSEMBLY,  FBRGLS COILFORM PC10/30 :10",$277,OUT OF STOCK
S3199500,ASSEMBLY COIL FORM TUN PC1000H,$163,OUT OF STOCK
S3350600,TUBE 2.5OD X2.375 ID 36 FBR GL G3,$229,OUT OF STOCK
S3400100,FAB PC1KILO COIL FORM,$614,OUT OF STOCK
S3518100,"FAB SHFT FIB 11"" PC1000C",$6,OUT OF STOCK
S3518101,"SHAFT, TUNING PC1000C/2",$20,OUT OF STOCK
S3559200,FAB COIL TUNE DS SER,$49,OUT OF STOCK
S3568800,"ASSEMBLY,  FAB FBRGLS COILFORM PC1000CT",$163,OUT OF STOCK
S3595900,"ASSEMBLY,  FIBERGLASS COILFORM PC10C",$294,OUT OF STOCK
S3656700,FAB COIL FORM TUN PC1KILO USCG,$523,OUT OF STOCK
S6090000,PIPE CLAMP (PAIR),$175,OUT OF STOCK
SLA10001,"ASSY, CONTROL SOFTWARE SD",$1824,OUT OF STOCK
SLB67801,"PALLET, 32"" X 32"" (PLYWOOD)",$150,OUT OF STOCK
SLD12011,"MODIFICATION, DS410 COUPLER (PAINTING OF SLE12001 GRAY)",$1550,OUT OF STOCK
SLD21050,ASSY DET CONN CD 22 W/MTG HLS,$225,OUT OF STOCK
SLD31230,CAP 312M,$63,OUT OF STOCK
SLD32550,ASSEMBLY; FLOOR FLG OB2 LGHT KI,$31,OUT OF STOCK
SLD34750,"PLATE, BEACON SYM T",$348,OUT OF STOCK
SLD38190,"ASSEMBLY,  PVC ENCL FOR LOW FREQ EXT FOR SCARAB",$103,OUT OF STOCK
SLD40200,FAB COVER VENT PC-1KILO,$139,OUT OF STOCK
SLD40270,"MODIFICATION, FAB PC1KW INS PYREX BOWL",$119,OUT OF STOCK
SLD40320,FAB CAP INSUL PC1KW,$30,OUT OF STOCK
SLD40470,"ASSEMBLY,  ANTI-ICE INSUL CAP",$87,OUT OF STOCK
SLD40490,"ASSEMBLY,  ANTI-ICE DNLD INSUL SHLD",$213,OUT OF STOCK
SLD40720,"ASSEMBLY,  ANTI-ICE INSUL BAF BSHG",$15,OUT OF STOCK
SLD40830,"ASSEMBLY,  FAB ANTI-ICE CONT BOX",$253,OUT OF STOCK
SLD40840,"ASSEMBLY,  BRTHR J BOX",$49,OUT OF STOCK
SLD43680,FAB SP 4 HOLE :10,$33,OUT OF STOCK
SLD44940,INSULATED TOWER SECTION 25G W/O INSULATORS,$1155,OUT OF STOCK
SLD46330,INSULATED TOWER SECTION 45G W/O INSULATORS,$1,OUT OF STOCK
SLD51830,FAB TUNING SHAFT BEARING,$5,OUT OF STOCK
SLD62260,"ASSEMBLY, SFT LOCK 3/8IN",$19,OUT OF STOCK
SLD64880,"ASSEMBLY,  FAB WSHR HALF 3/8"" PC1KILO",$7,OUT OF STOCK
SLD65910,FAB DET BOX EMI FLTR MDL UK,$351,OUT OF STOCK
SLD70002,"WIRE, 12 AWG COPPERWELD , 700' COIL",$450,OUT OF STOCK
SLE00950,"ASSEMBLY, TRANSFORMER T1 PWB61,87,142",$18,OUT OF STOCK
SLE03130,"ASSEMBLY, COIL LOADING B SECT",$618,OUT OF STOCK
SLE04380,"ASSEMBLY, TRANSFORMER, VSWR T3 FLTR Q1 6T",$1340,OUT OF STOCK
SLE04390,ASSEMBLY TRANSFORMER T2 FILTER Q1 45T SSK/H,$13,OUT OF STOCK
SLE04400,"ASSEMBLY, TRANSFORMER, METER",$380,OUT OF STOCK
SLE04550,"ASSEMBLY, TRANSFORMER, IMPEDANCE MATCHING",$650,OUT OF STOCK
SLE05004,"ASSEMBLY, DRAWER, 110V/ 220V SINGLE PHASE LC / BTRY CRG",$3976,OUT OF STOCK
SLE05035,"ASSEMBLY, FREQUENCY KIT, 190 TO 535 KHZ",$2640,OUT OF STOCK
SLE05049,"ASSEMBLY, EMI FILTER SA 25-100 SINGLE",$719,OUT OF STOCK
SLE05050,"ASSEMBLY, POWER SUPPLY SE500/SC500",$3760,5 In Stock
SLE05052,"ASSEMBLY, POWER SUPPLY SE1000",$2280,OUT OF STOCK
SLE06050,"ASSEMBLY, TRANSMITTER DRAWER, SC200 DGPS",$4602,OUT OF STOCK
SLE06052,"ASSEMBLY, DRAWER, TRANSFER/CONTROL, (RSIM)  SC200",$9253,OUT OF STOCK
SLE06054,"ASSEMBLY, MEMBRANE PANEL WITH LCD",$3166,OUT OF STOCK
SLE06500,"ASSEMBLY, TRANSFORMER FINAL STAGE 500H/800A",$635,OUT OF STOCK
SLE06620,"ASSEMBLY, TUNING RING PC1000C2 &C3 /30",$350,OUT OF STOCK
SLE07200,"ASSEMBLY, CAP 13200 PF",$99,OUT OF STOCK
SLE07612,"ASSEMBLY, TUNING COIL, PC1000H/2  & H/3",$1976,OUT OF STOCK
SLE07800,"ASSEMBLY, CONTROL PANEL PC1000/C3",$2975,OUT OF STOCK
SLE08370,"ASSEMBLY, COIL, TUNING RING",$92,OUT OF STOCK
SLE10012,"OBSOLETE ASSEMBLY,  REMOTE CONTROL MONITOR",$2552,OUT OF STOCK
SLE10051,"ASSEMBLY, RF POWER AMPLIFIER MODULE 250 W",$5632,OUT OF STOCK
SLE100SA,"ASSEMBLY, 25-100 WATT SA TRANSMITTER DRAWER, ALL FREQ.",$5310,OUT OF STOCK
SLE11001,"ASSEMBLY,  110V/220V LOAD CENTER/BATTERY CHARGER",$5090,OUT OF STOCK
SLE12001,"ASSEMBLY, DS410 COUPLER",$1950,OUT OF STOCK
SLE12750,"ASSEMBLY, TRANSFORMER, T1 AND T2, KILO MTR",$48,OUT OF STOCK
SLE12970,"ASSEMBLY, TRANSFORMER 16T BIFILIAR 4HW",$62,OUT OF STOCK
SLE19320,"ASSEMBLY, TUNING COIL, PC .5 KILO",$2337,OUT OF STOCK
SLE19870,"ASSEMBLY, TUNING RING PC-.5KILO",$220,OUT OF STOCK
SLE19980,"ASSEMBLY,  INDTR 8T L1 Z BOX",$22,OUT OF STOCK
SLE20206,"ASSEMBLY, TUNING MOTOR",$582,OUT OF STOCK
SLE20207,"ASSEMBLY, ""L"" MATCH 1K/3K ATU",$10740,OUT OF STOCK
SLE20220,"ASSEMBLY, TUNING COIL 1KILO (LEFT)",$8150,OUT OF STOCK
SLE20221,"ASSEMBLY, TUNING COIL 1KILO (RIGHT)",$6750,OUT OF STOCK
SLE20400,"ASSEMBLY, TRANSFORMER, IMPD., 1KILO (BARREL)",$697,OUT OF STOCK
SLE20530,"ASSEMBLY,  IDCTR 14T L2 Z BOX",$22,OUT OF STOCK
SLE24000,"ASSEMBLY, CONTROL PANEL (DGPS)",$3371,OUT OF STOCK
SLE25371,"ASSEMBLY, TUNING COIL PC-1000M / IP66",$1976,OUT OF STOCK
SLE25372,"ASSEMBLY, TUNING COIL PC1000 M/2-M/3",$1976,OUT OF STOCK
SLE29900,"ASSEMBLY, POWER SUPPLY  SA  SERIES",$2825,OUT OF STOCK
SLE31020,"ASSEMBLY,  LTNG PROTR PC",$686,OUT OF STOCK
SLE31490,"ASSEMBLY,  TRANSFORMER IMPD KILO",$615,OUT OF STOCK
SLE32540,"ASSEMBLY, COIL KILO ANT CUR SENSE",$145,OUT OF STOCK
SLE33010,"ASSEMBLY, SE DUAL MASTER CONTROL PANEL W/LCD",$3480,OUT OF STOCK
SLE33011,"ASSEMBLY, SE SINGLE MASTER CONTROL PANEL WITH LCD",$3480,OUT OF STOCK
SLE33012,"ASSEMBLY, SE DUAL MASTER CONTROL PANEL (TX W/O ENCLOSURE)",$3450,OUT OF STOCK
SLE33013,"ASSEMBLY, SE DUAL MASTER CONTROL PANEL W/LCD W/O PCB",$1588,OUT OF STOCK
SLE33064,"ASSEMBLY, FILTER INDUCTOR 37T STD BAND",$80,126 In Stock
SLE33088,"ASSEMBLY REMOTE STATUS UNIT, SE CONSOLE MOUNT (DUAL)",$3450,OUT OF STOCK
SLE33089,"ASSEMBLY, REMOTE CONTROL UNIT, SE SINGLE",$2980,OUT OF STOCK
SLE33090,"ASSEMBLY, REMOTE CONTROL UNIT, SE DUAL",$4100,OUT OF STOCK
SLE33092,"ASSEMBLY, MASTER CONTROL PCB & NETBUNER FOR FCN SD633042",$2100,OUT OF STOCK
SLE33094,"ASSEMBLY, SURGE SUPPRESSOR DOUBLE",$45,1 In Stock
SLE33103,"ASSEMBLY,  REMOTE CONTROL PANEL SE SINGLE, DESKTOP GRAY",$3350,OUT OF STOCK
SLE33104,"ASSEMBLY,  REMOTE CONTROL PANEL SE DUAL, DESKTOP GRAY",$3350,OUT OF STOCK
SLE33105,"ASSEMBLY,  REMOTE CONTROL PANEL SE SINGLE, DESKTOP BLACK",$3350,OUT OF STOCK
SLE33106,"ASSEMBLY,  REMOTE CONTROL PANEL SE DUAL, DESKTOP BLACK",$3350,OUT OF STOCK
SLE33110,"ASSEMBLY, SURGE SUPPRESSOR, 275V AC DOUBLE",$417,OUT OF STOCK
SLE33111,"ASSEMBLY, SURGE SUPPRESSOR, 36V DC DOUBLE",$615,OUT OF STOCK
SLE33200,"ASSEMBLY, TRANSMITTER DRAWER SE125 SERIES",$3800,OUT OF STOCK
SLE33207,"ASSEMBLY, POWER SUPPLY SE125IP (FIELD REPLACEMENT)",$779,OUT OF STOCK
SLE33400,ASSEMBLY; CAPACITOR CE SE125,$74,OUT OF STOCK
SLE33500,"ASSEMBLY, LIQUID CRYSTAL DISPLAY MODULE",$535,OUT OF STOCK
SLE34710,"ASSEMBLY,  REMOTE PANEL RSC10,RSC20",$4950,OUT OF STOCK
SLE35006,ASSEMBLY;  COMBINER,$2918,OUT OF STOCK
SLE35680,"ASSEMBLY,  AUTOTUNE BRACKET PC3000",$617,OUT OF STOCK
SLE35720,"ASSEMBLY, MOTOR, ALL COUPLERS C2,C3,C4,D4",$701,OUT OF STOCK
SLE35730,"ASSEMBLY, MOTOR, TURNING PC1000/C2",$587,OUT OF STOCK
SLE35910,"ASSEMBLY, AUTOTUNE  BRACKET PC.5KILO",$775,OUT OF STOCK
SLE35920,"ASSEMBLY, CONT PANEL PC-.5KILO",$1159,OUT OF STOCK
SLE38330,"ASSEMBLY,  TRANSFORMER SCARAB :80",$499,OUT OF STOCK
SLE39650,OBSOLETE OBSTN LGT KIT-50 MAST W/COND,$5816,OUT OF STOCK
SLE39870,"ASSEMBLY,  PHOTOCELL KIT 110V",$202,OUT OF STOCK
SLE40040,"ASSEMBLY, PC 1KILO TUNING RING",$393,OUT OF STOCK
SLE40380,"ASSEMBLY, COIL KILO ANT CUR SENSE",$725,OUT OF STOCK
SLE40760,"ASSEMBLY,  ANTI-ICE HORIZ INSULATOR",$1492,OUT OF STOCK
SLE40860,"ASEMBLY,  ANTI-ICE CONT BOX .B",$409,OUT OF STOCK
SLE40870,"ANTI-ICE INSULATOR SYSTEM, 2 OVERHEAD",$5510,OUT OF STOCK
SLE43001,"ASSEMBLY,  RF TRANSFORMER SE SPA 125W",$343,78 In Stock
SLE45000,"ASSEMBLY, SPA MODULE 125 WATT",$3115,OUT OF STOCK
SLE45100,"ASSEMBLY, POWER CONTROL MODULATOR MODULE SE125",$3499,OUT OF STOCK
SLE45200,"ASSEMBLY, FILTER BRIDGE MODULE STD BAND",$2419,9 In Stock
SLE45210,"ASSEMBLY, FILTER BRIDGE MODULE M BAND",$2115,OUT OF STOCK
SLE45220,"ASSEMBLY, FILTER BRIDGE MODULE H BAND",$2115,OUT OF STOCK
SLE45400,"ASSEMBLY, LOW VOLTAGE POWER SUPPLY MODULE 125 WATT",$2570,OUT OF STOCK
SLE45650,"ASSEMBLY, SPA IMPEDANCE TRANSFORMER",$284,OUT OF STOCK
SLE45680,"ASSEMBLY, COIL SPA FILTER",$39,OUT OF STOCK
SLE45690,"ASSEMBLY, COIL SPA FILTER",$145,OUT OF STOCK
SLE45700,"ASSEMBLY, COIL SPA FILTER",$148,OUT OF STOCK
SLE45710,"ASSEMBLY, COIL SPA FILTER, 18T",$46,OUT OF STOCK
SLE46000,"ASSEMBLY, SPA SE125  RACK MOUNT",$1948,OUT OF STOCK
SLE46100,"ASSEMBLY, POWER CONTROL MODULATOR MODULE SE250/500/1000",$2044,2 In Stock
SLE46200,"ASSEMBLY, FILTER BRIDGE MODULE STD BAND SE125/250/500 RM",$1796,OUT OF STOCK
SLE46210,"ASSEMBLY, FILTER BRIDGE MODULE M BAND SE250W",$1796,OUT OF STOCK
SLE46220,"ASSEMBLY, FILTER BRIDGE MODULE H BAND SE250W",$1796,OUT OF STOCK
SLE46400,"ASSEMBLY, LOW VOLTAGE POWER SUPPLY MODULE 250 WATT",$2161,OUT OF STOCK
SLE47400,"ASSEMBLY, LOW VOLTAGE POWER SUPPLY MODULE125 RACK MOUNT",$1942,OUT OF STOCK
SLE48000,"ASSEMBLY, SPA MODULE SE250",$1956,OUT OF STOCK
SLE48100,"ASSEMBLY, POWER CONTROL MODULATOR MODULE 125 RACK MOUNT",$1859,OUT OF STOCK
SLE48200,"ASSEMBLY, FILTER/BRIDGE MODULE SE1000",$2300,OUT OF STOCK
SLE49000,"ASSEMBLY, SPA/PCM",$2918,OUT OF STOCK
SLE49570,"ASSEMBLY,  IDCTR SA MULTI RF 17 PRI 12 SEC",$59,OUT OF STOCK
SLE50200,"ASSEMBLY, 1K RESISTOR, SPADE",$7,OUT OF STOCK
SLE50390,"ASSEMBLY,  COIL SPA FILTER",$16,OUT OF STOCK
SLE50400,"ASSEMBLY,  COIL SPA FILTER",$24,OUT OF STOCK
SLE50410,"ASSEMBLY,  COIL SPA FILTER",$24,OUT OF STOCK
SLE50420,"ASSEMBLY,  COIL SPA FILTER",$17,OUT OF STOCK
SLE50510,"ASSEMBLY,  DET CRS TAPS SEL LEAD",$57,OUT OF STOCK
SLE50520,"ASSEMBLY,  DET CRS TAPS TEST LEAD",$20,OUT OF STOCK
SLE51890,"ASSEMBLY, TRANSFORMER, IMPEDANCE MATCHING",$1555,OUT OF STOCK
SLE51892,"ASSEMBLY, TRANSFORMER, IMPEDANCE MATCHING PC1000C/2",$625,OUT OF STOCK
SLE51893,"ASSEMBLY, TRANSFORMER, IMPEDANCE MATCHING PC1000H/2",$456,OUT OF STOCK
SLE52120,"ASSEMBLY,  TRANSFORMER OUT DS SER",$192,OUT OF STOCK
SLE53520,"ASSEMBLY,  TRANSFORMER 16T SPA 250W",$100,OUT OF STOCK
SLE53530,ASSEMBLY; RF VOLTAGE SENSING TRANSFORMER,$110,OUT OF STOCK
SLE54070,"ASSEMBLY,  COIL LDG DS410 ANT",$407,OUT OF STOCK
SLE55290,"ASSEMBLY,  PANEL, TIMER / STATUS INDICATOR",$1096,OUT OF STOCK
SLE55910,"ASSEMBLY, COIL RING DS SER",$75,OUT OF STOCK
SLE55930,"ASSEMBLY, COIL TUNE DS SER",$146,OUT OF STOCK
SLE55940,"ASSEMBLY, COIL TUNING DS SER",$259,OUT OF STOCK
SLE56870,"ASSEMBLY,  COIL TUNNING  PC1000CT",$473,OUT OF STOCK
SLE59320,"ASSEMBLY,  BLKG DIODE",$12,OUT OF STOCK
SLE59520,"ASSEMBLY,  FRONT PANEL MR-5",$616,OUT OF STOCK
SLE59600,"ASSEMBLY, COIL TUNING,  PC1000C",$1950,OUT OF STOCK
SLE59601,"ASSEMBLY, COIL TUNING,  PC1000/C2, C3, C4, D4",$4224,OUT OF STOCK
SLE61450,"ASSEMBLY,  COIL H SPA FILTER",$14,OUT OF STOCK
SLE61460,"ASSEMBLY,  COIL H SPA FILTER :03",$19,OUT OF STOCK
SLE61470,"ASSEMBLY,  COIL H SPA FILTER",$19,OUT OF STOCK
SLE61480,"ASSEMBLY,  TRANSFORMER IMPDC 9 PRI 16 SEC",$98,OUT OF STOCK
SLE61770,"ASSEMBLY,  FRONT PANEL MR-5/RM",$533,OUT OF STOCK
SLE61930,"ASSEMBLY,   TRANSFORMER 12 TRN SPA SB SER",$49,OUT OF STOCK
SLE62920,"ASSEMBLY,  AUTOTUNE BRACKET PC1000C 12V/50V",$954,OUT OF STOCK
SLE64465,ASSEMBLY; RSIM DRAWER SC500/1000,$9741,OUT OF STOCK
SLE64800,"ASSEMBLY,  PC1KILO TUNNING  RING",$349,OUT OF STOCK
SLE64850,"ASSEMBLY, TRANSFER UNIT RSA 19"" RM",$5384,OUT OF STOCK
SLE65180,"ASSEMBLY,  EMI FLTR MDL SA25-100U SYS SINGLE",$739,OUT OF STOCK
SLE65300,"ASSEMBLY,  DRAWER SA100 AC-DC PANEL MOUNT",$3781,OUT OF STOCK
SLE65460,"ASSEMBLY,   TRANSFORMER VSWR SENSING PCH",$28,OUT OF STOCK
SLE65630,"ASSEMBLY,  COIL SPA FLTR 500-1250 KHZ 16T",$28,OUT OF STOCK
SLE65640,"ASSEMBLY,  COIL SPA FLTR 500-1250 KHZ 23T",$32,OUT OF STOCK
SLE65650,"ASSEMBLY,  COIL SPA FLTR 500-1250 KHZ 23T",$32,OUT OF STOCK
SLE65660,"ASSEMBLY,  COIL SPA FLTR 500-1250 KHZ 16T",$30,OUT OF STOCK
SLE65720,"ASSEMBLY,  TRANSFER SC500-1000 19""",$2020,OUT OF STOCK
SLE65930,"ASSEMBLY, EMI FILTER MODULE SA25-100 DUAL",$2113,OUT OF STOCK
SLE66280,"ASSEMBLY, COIL SC SERIES FILTER",$21,OUT OF STOCK
SLE66290,"ASSEMBLY,  COIL FILTER SC SERIES",$60,OUT OF STOCK
SLE66370,"ASSEMBLY, XFMR IMPD SPA SC SER 10PRIMARY, 18 SECONDARY",$64,OUT OF STOCK
SLE66570,"ASSEMBLY,  TRANSFORMER IMPDC SC SER 15 PRI 11 SEC",$200,OUT OF STOCK
SLE67110,"ASSEMBLY,  TRANSORB SSC",$65,OUT OF STOCK
SLE67390,"ASSEMBLY,  BLKG DIODES SC USCG SER",$21,OUT OF STOCK
SLE67410,"ASSEMBLY, GROUND STRAP 9.75""",$24,OUT OF STOCK
SLE68590,MRL-7 FREQ RNG UNKWN,$100,OUT OF STOCK
SLE68600,"ASSEMBLY,  MRL-7 FREQ RNG 184-237",$200,OUT OF STOCK
SLE68610,"ASSEMBLY,  MRL-7 FREQ RNG 215-305",$200,OUT OF STOCK
SLE68620,"ASSEMBLY,  MRL-7 FREQ RNG 297-470 :",$200,OUT OF STOCK
SLE68630,"ASSEMBLY,  MRL-7 FREQ RNG 412-680",$200,OUT OF STOCK
SLE68640,"ASSEMBLY,  MRL-7 FREQ RNG 450-750",$200,OUT OF STOCK
SLE68650,"ASSEMBLY,  MRL-7 FREQ RNG 700-1250",$200,OUT OF STOCK
SLE82021,"ASSEMBLY,  TRANSFORMER 1:1",$6585,OUT OF STOCK
SLF10001,ANTENNA; GUYED MAST (120 FT/36.58M),$17895,OUT OF STOCK
SLF10002,ANTENNA; GUYED MAST (50FT/15.24M) WITH COUNTERPOISE,$6525,OUT OF STOCK
SLF10002/01,ANTENNA; GUYED MAST (50FT/15.24M) WITH COUNTERPOISE & FAA MK,$10061,OUT OF STOCK
SLF10005,ANTENNA; MAST (90FT/27.43M),$25510,OUT OF STOCK
SLF10005/01,ANTENNA; MAST (90FT/27.43M) WITH FAA MARKING,$13466,OUT OF STOCK
SLF10006,"ANTENNA; MAST (90FT/27.43M) HIGH WIND, 45G TOWER SECTIONS",$7550,OUT OF STOCK
SLF10010,"OBSOLETE ANTENNA; SYMMETRICAL ""T"" OVERHEAD",$1152,OUT OF STOCK
SLF10011,ANTENNA; UNGUYED MAST (34FT/10.36M),$16621,OUT OF STOCK
SLF10014,ANTENNA; UNGUYED MAST (34FT/10.36M)  LAND,$22820,OUT OF STOCK
SLF10015,ANTENNA; UNGUYED MAST (34FT/10.36M) OFFSHORE,$19977,OUT OF STOCK
SLF10017,ANTENNA; DS410,$6955,OUT OF STOCK
SLF10020,"TOWERS; (60FT/18.29M) WITH GUYS AND HARDWARE, 2 EACH",$22335,OUT OF STOCK
SLF10022,"ANTENNA; HELIPAD, WITH HARDWARE KIT",$6616,OUT OF STOCK
SLF10023,ANTENNA; HELIPAD TO CAP437 WITH HARDWARE KIT,$8510,OUT OF STOCK
SLF10024,"ANTENNA; SYMMETRICAL ""T"" OVERHEAD 120",$695,OUT OF STOCK
SLF10026,"ANTENNA; SYMMETRICAL ""T"" OVERHEAD 350",$1312,OUT OF STOCK
SLF10027,"OBSOLETE ANTENNA; SYMMETRICAL ""T"" OVERHEAD AND COUNTERPOISE",$3875,OUT OF STOCK
SLF10031,TOWERS; (90FT/27.43M) WITH GUYS AND HARDWARE,$30226,OUT OF STOCK
SLF10040,TOWERS;  (200FT/61M) WITH GUYS AND HARDWARE,$21180,OUT OF STOCK
SLF10040/01,"TOWERS; (200FT/60.97M) WITH GUYS, HARDWARE & FAA MARKING",$25680,OUT OF STOCK
SLF10050,TOWERS; (120FT/36.58M)  WITH GUYS & HARDWARE,$24592,OUT OF STOCK
SLF10052,ANTENNA; MAST (145FT/44.20M),$23150,OUT OF STOCK
SLF10053,ANTENNA; MAST HIGH POWER (145 FT/ M),$16899,OUT OF STOCK
SLF10057,"ANTENNA; GUYED, (60FT/18.29M)",$20700,OUT OF STOCK
SLF10058,"ANTENNA; GUYED, MAST (60FT/18.29M)  20 METER FOOT PRINT",$9955,OUT OF STOCK
SLF10063,"ANTENNA; KILO SYMMETRICAL ""T"" OVERHEAD WITH COUNTERPOISE",$8670,OUT OF STOCK
SLF10064,"ANTENNA SIMULATOR, 500pF, 10 OHM, 250W",$4640,OUT OF STOCK
SLF10066,ANTENNA; MAST (145FT/44.20M)  90 MPH 1CM ICE 45G,$16899,OUT OF STOCK
SLF10067,TOWERS;  GUYED (30 FT/9.14M) 110 MPH,$9100,OUT OF STOCK
SLF10068,"ANTENNA; MARINE WHIP, 10M DECK MOUNT, 100PF, 300-1800KHz",$12920,OUT OF STOCK
SLF10074,"ANTENNA; MARINE NDB, 8M MAST MOUNT",$15223,OUT OF STOCK
SLF10075,"ANTENNA; WHIP, 10M 100PF 300-1800 KHz (LAND)",$16820,OUT OF STOCK
SLF10078,"ANTENNA; WHIP, 10M 100PF 300-1800 KHz (OFFSHORE)",$16880,OUT OF STOCK
SLF10080,ANTENNA; SELF SUPPORTING MAST (40FT) WITH COUNTERPOISE,$9890,OUT OF STOCK
SLF10081,"ANTENNA  ASSEMBLY; HARDWARE KIT, LONG WIRE",$4440,OUT OF STOCK
SLF10082,ANTENNA ; DIAMOND PORTABLE ANTENNA,$12750,OUT OF STOCK
SLF10084,"ASSEMBLY, 250W, 50 OHM, ARTIFICIAL LOAD",$4330,OUT OF STOCK
SLF10085,"TEST LOAD, 50 OHM EXTERNAL 1000W",$2641,OUT OF STOCK
SLF10090,"ANTENNA; WHIP, 8M 130PF 240-1800 KHz (LAND)",$15221,OUT OF STOCK
SLF10102,SITE TEST EQUIPMENT(LOW POWER 190-535KHZ STD),$16500,OUT OF STOCK
SLF10103,SITE TEST EQUIPMENT (LOW POWER 450-1800KHZ),$6090,OUT OF STOCK
SLF10104,SITE TEST EQUIPMENT (HIGH POWER 190-535KHZ),$7090,OUT OF STOCK
SLF20050/C3,"ANTENNA; COUPLER, PC1000C SERIES 3",$9220,OUT OF STOCK
SLF20050/C4,"ANTENNA; COUPLER, PC1000C SERIES 4",$11190,OUT OF STOCK
SLF20050/D4,"ANTENNA; COUPLER, PC1000D SERIES 4",$10241,OUT OF STOCK
SLF20051/H3,"ANTENNA, COUPLER, PC1000H SERIES 3",$6386,OUT OF STOCK
SLF20052/M3,"ANTENNA; COUPLER, PC1000M SERIES 3",$6386,OUT OF STOCK
SLF20070,ANTENNA; COUPLER PC.5KILO WITH CURRENT SENSE,$9293,OUT OF STOCK
SLF20100,ANTENNA; COUPLER PV1000,$13210,OUT OF STOCK
SLF30005,TRANSMITTER;  SA100 AC-DC SINGLE PANEL MOUNT,$10989,OUT OF STOCK
SLF30085,TRANSMITTER; 1000W DUAL DGPS,$24075,OUT OF STOCK
SLF30213,TRANSMITTER;  DS SERIES 25 WATT 410 KHZ AUTOSHUTDOWN,$33160,OUT OF STOCK
SLF30500,TRANSMITTER; SA25-100 SINGLE AC-DC/IP66,$13000,OUT OF STOCK
SLF30501,TRANSMITTER; SA25-100 SINGLE AC-DC EC/IP66,$16700,OUT OF STOCK
SLF30503,TRANSMITTER; SA25-100H SINGLE AC-DC EC/IP66,$16700,OUT OF STOCK
SLF30504,TRANSMITTER; SA25-100M SINGLE AC-DC/IP66,$16700,OUT OF STOCK
SLF30508,TRANSMITTER; SA25-100 DUAL AC-DC RMT/IP66,$24615,OUT OF STOCK
SLF30509,TRANSMITTER; SA25-100 DUAL AC-DC REMOTE EC/IP66,$27336,OUT OF STOCK
SLF30517,TRANSMITTER; SA25-100M DUAL AC-DC REMOTE EC/IP66,$25950,OUT OF STOCK
SLF30524,TRANSMITTER; SC200 AC/24VDC,$28040,OUT OF STOCK
SLF30525,TRANSMITTER; SA25-100 DUAL AC-DC,$25985,OUT OF STOCK
SLF30526,TRANSMITTER; SA25-100 DUAL AC-DC  EC/IP66,$31182,OUT OF STOCK
SLF30528,TRANSMITTER; SA25-100H DUAL AC-DC  EC/IP66,$25985,OUT OF STOCK
SLF30529,TRANSMITTER; SA25-100M DUAL AC-DC IP66,$22620,OUT OF STOCK
SLF30536,TRANSMITTER;  SA 25-100 AC-DC SINGLE UK EC IP66 CAP670,$10197,OUT OF STOCK
SLF30540,"TRANSMITTER, SA SINGLE TO DUAL UPGRADE (EC)",$20109,OUT OF STOCK
SLF30601,TRANSMITTER; SC1000A AC/DC DGPS W/ RSIM,$40168,OUT OF STOCK
SLF30602,"TRANSMITTER, SC500 AC/DC  DGPS W/ RSIM",$34550,OUT OF STOCK
SLF33010,"TRANSMITTER, SE125 DUAL RACK (190-535KHZ), CE & ETHERNET",$25100,OUT OF STOCK
SLF33011,"TRANSMITTER, SE125 DUAL RACK (500-1250KHZ), CE & ETHERNET",$26980,OUT OF STOCK
SLF33012,"TRANSMITTER, SE125 DUAL RACK (1500-1800KHZ), CE & ETHERNET",$26980,OUT OF STOCK
SLF33028,"TRANSMITTER, SE250 DUAL RACK (500-1250KHZ), CE & ETHERNET",$25520,OUT OF STOCK
SLF33029,"TRANSMITTER, SE250 DUAL RACK (1500-1800KHZ), CE & ETHERNET",$25520,OUT OF STOCK
SLF33030,"TRANSMITTER, SE250 DUAL RACK (190-535KHZ), CE & ETHERNET",$28960,OUT OF STOCK
SLF33044,"TRANSMITTER, SE125 UNIRACK",$29810,OUT OF STOCK
SLF33300,"TRANSMITTER, SE125 SINGLE IP (190-650KHZ), CE & ETHERNET",$16550,OUT OF STOCK
SLF33301,"TRANSMITTER, SE125 SINGLE IP (650-1250KHZ), CE & ETHERNET",$12800,OUT OF STOCK
SLF33302,"TRANSMITTER, SE125 SINGLE IP (1500-1800KHZ), CE&ETHERNET",$12800,OUT OF STOCK
SLF33306,"TRANSMITTER, SE125 SINGLE RACK MOUNT",$13270,OUT OF STOCK
SLF33400,"TRANSMITTER, SE125 DUAL IP (190-650KHZ), CE & ETHERNET",$25040,OUT OF STOCK
SLF33401,"TRANSMITTER, SE125 DUAL IP (650-1250KHZ), CE & ETHERNET",$24050,OUT OF STOCK
SLF33402,"TRANSMITTER, SE125 DUAL IP (1500-1800KHZ), CE &ETHERNET",$24050,OUT OF STOCK
SLF33550,"TRANSMITTER, SE125 IP SINGLE TO DUAL UPGRADE",$17500,OUT OF STOCK
SLF33601,"TRANSMITTER, SE125  WO ENCL (190-650KHZ) FOR USE IN SCHROFF)",$23525,OUT OF STOCK
SLF33800,"TRANSMITTER, TRANSPORTABLE SE",$37350,OUT OF STOCK
SLF34002,"TRANSMITTER, SE500 DUAL RACK (190-535KHZ), ETHERNET",$29950,OUT OF STOCK
SLF35002,"TRANSMITTER, SE1000  DUAL WITH ETHERNET",$45500,OUT OF STOCK
SLF40000,"MONITOR RECEIVER; MR-5, UNPROGRAMMED, TABLE TOP",$3875,OUT OF STOCK
SLF40004,"MONITOR RECEIVER; MR-5, UNPROGRAMMED, RACK MOUNT",$3875,OUT OF STOCK
SLF40008,ANTENNA MONITOR; LOOP WITH BRACKET,$1092,OUT OF STOCK
SLF50000,"SPARES, 2 YEAR, MR-5 SERIES",$461,OUT OF STOCK
SLF50002,"SPARES, 2 YEAR, PC .5 KILO, COUPLER",$585,OUT OF STOCK
SLF50003,"SPARES KIT, LEVEL 4 COMPREHENSIVE SA25-100  SINGLE",$9609,OUT OF STOCK
SLF50005,"SPARES KIT, LEVEL 4 COMPREHENSIVE SA25-100 DUAL",$10584,OUT OF STOCK
SLF50052,"SPARES, 2 YEAR SA25-100 DUAL REMOTE",$10829,OUT OF STOCK
SLF50202,"SPARES, PV1000, PV3000",$6587,OUT OF STOCK
SLF50230,"SPARES,  50FT (M) MAST ANTENNA",$3116,OUT OF STOCK
SLF50354,"SPARES, 2 YEAR SC200 DEPOT LEVEL",$11290,OUT OF STOCK
SLF50358,"OBSOLETE SPARES, 2 YEAR PC1000C/3 (SEE SLF50377)",$912,OUT OF STOCK
SLF50360,"SPARES, 2 YEAR PC1000H/2",$760,OUT OF STOCK
SLF50361,"SPARES, 2 YEAR PC1000M/2",$760,OUT OF STOCK
SLF50376,"SITE SPARES PC1000C/4 (D/4), PC3000",$2535,OUT OF STOCK
SLF50377,SITE SPARES PC1000C/3,$2535,OUT OF STOCK
SLF50601,"SPARES, 2 YEAR SC500/SC1000",$7300,OUT OF STOCK
SLF50900,SITE SPARES SE125 DUAL,$6781,OUT OF STOCK
SLF50901,SITE SPARES SE250,$7250,OUT OF STOCK
SLF50904,"SITE SPARES, SE125 SINGLE",$6721,OUT OF STOCK
SLF50910,SITE SPARES SE500,$8129,OUT OF STOCK
SLF50912,SITE SPARES SE125 DUAL WITH ANTENNA RELAY,$6781,OUT OF STOCK
SLF51001,"SPARES KIT, LEVEL 1 ESSENTIAL, SA25-100 SINGLE/DUAL",$3900,OUT OF STOCK
SLF51002,"SPARES KIT, LEVEL 2 INTERMEDIATE, SA25-100 DUAL",$6948,OUT OF STOCK
SLF51003,"SPARES KIT, LEVEL 3 CIRCUIT BOARDS, SA25-100 DUAL",$7938,OUT OF STOCK
SLF51004,"SPARES KIT, LEVEL 3 CIRCUIT BOARDS, SA25-100 SINGLE",$8938,OUT OF STOCK
SLF51009,"SITE SPARES, SA SINGLE MEDIUM BAND",$6750,OUT OF STOCK
SLF51010,"SITE SPARES, SA SINGLE HIGH BAND",$6750,OUT OF STOCK
SLF51011,"SITE SPARES, SA DUAL NON REMOTE MEDIUM BAND",$8475,OUT OF STOCK
SLF51012,"SITE SPARES, SA DUAL NON REMOTE HIGH BAND",$8475,OUT OF STOCK
SLF51013,"SITE SPARES, SA DUAL REMOTE MEDIUM BAND",$9050,OUT OF STOCK
SLF51014,"SITE SPARES, SA DUAL REMOTE HIGH BAND",$9050,OUT OF STOCK
SLF53301,INSTALLATION & COMMISSIONING SPARES SE125 SINGLE/DUAL,$4549,OUT OF STOCK
SLF53302,CONSUMABLE SPARES SE125 SINGLE/DUAL/RACK MOUNT,$150,OUT OF STOCK
SLF53306,SITE SPARES SE250,$4307,OUT OF STOCK
SLF53310,SITE SPARES SE125 RACK MOUNT,$6721,OUT OF STOCK
SLF53347,"SITE SPARES, SE RCU",$1266,OUT OF STOCK
SLF53403,SITE SPARES SE1000,$8450,OUT OF STOCK
SLF53404,INSTALLATION & COMMISSIONING SPARES SE500,$7626,OUT OF STOCK
SLF53471,"SPARES, 5 YEAR, REMOTE CONTROL UNIT",$1161,OUT OF STOCK
SLF70000,BATTERY POWER SUPPLY SCARAB 12V,$2990,OUT OF STOCK
SLF70002,POWER SUPPLY 115/230VAC SCARAB,$1599,OUT OF STOCK
SLF70010,SE125 IP SINGLE/DUAL FIELD REPAIR KIT,$8795,OUT OF STOCK
SLF80113,SA TIMER / STATUS INDICATOR PANEL,$1835,OUT OF STOCK
SLF80114,"SA TIMER / STATUS INDICATOR PANEL, WITH EC BOX",$3835,OUT OF STOCK
SLF80115,DS410 TIMER / STATUS INDICATOR PANEL,$2395,OUT OF STOCK
SLF80119,RF/AC/DC POWER TRANSFER BOARD (SRP0500X),$1688,OUT OF STOCK
SLF80602,TILTING MECHANISM FOR 33ft WHIP ANTENNA,$3865,OUT OF STOCK
SLF80801,SA PANEL MOUNT TIMER / STATUS INDICATOR PANEL,$1120,OUT OF STOCK
SLF80803,"ATU POWER SUPPLY, 12VDC, 85-264VAC 47-63HZ,",$305,OUT OF STOCK
SLF81003,SD MODEM INSTALLATION KIT SINGLE & DUAL,$1025,OUT OF STOCK
SLF81012, ROHS BATTERY CHARGER OPTION,$1575,OUT OF STOCK
SLF81013,ETHERNET SERIAL SERVER KIT SINGLE & DUAL,$1045,OUT OF STOCK
SLF81014,"MULTI-MODE FBR, ST FEM, 2KM RNG, RS232/422/485 CONV",$3083,OUT OF STOCK
SLF82000, SA-100 DUAL EC/IP UPGRADE,$1495,OUT OF STOCK
SLF82020,TRANSIENT AND SURGE PROTECTION PANEL 250 THRU 1K,$2920,OUT OF STOCK
SLF82022,TRANSIENT AND SURGE PROTECTION ENCLOSURE 250 THRU 1K,$5125,OUT OF STOCK
SLF82027,TRANSIENT AND SURGE PROTECTION ENCLOSURE 125W,$3698,OUT OF STOCK
SLF82035,"ASSEMBLY, SNMP & MODBUS TCP/IP (RCU SINGLE)",$1790,OUT OF STOCK
SLF82036,"ASSEMBLY, SNMP & MODBUS TCP/IP (RCU DUAL)",$1790,OUT OF STOCK
SLF83301, SE SERIES LEASED LINE MODEM SE SERIES,$6378,OUT OF STOCK
SLF83303,"SE, E-NET, TO SC MM FIBER OPTICS CONVERTER, 2 KM",$2688,OUT OF STOCK
SLF83304," RADIO LINK, E-NET to 5.8GHz, 4.5km",$10932,OUT OF STOCK
SLF83308,"SE, E-NET TO SC SM FIBER OPTIC, CONVERTER, 20KM",$4365,OUT OF STOCK
SLF83314,SE SERIES ETHERNET TO LAND LINE DIALUP,$2290,OUT OF STOCK
SLF83315,ETHERNET EXTENDER MODEM,$2150,OUT OF STOCK
SLF83319,SE RCU SERIAL TO MULTIMODE ST TERMINATED FIBER,$2895,OUT OF STOCK
SLF83320,"BATTERY CHARGER, INTERNAL, SE125IP",$1512,OUT OF STOCK
SLF83322,RS485/RS232 TO ETHERNET SERIAL FOR SE RCU,$5495,OUT OF STOCK
SLF83323,SE TRANSMITTER AND RCU OVER E-NET RADIO LINK,$12113,OUT OF STOCK
SLF83325,SE RCU SERIAL TO SINGLE MODE SC TERMINATED FIBER,$4818,OUT OF STOCK
SLF83330,SOLAR SHIELD SE125 IP/PC1000,$1650,5 In Stock
SLF83350,INTERNAL 50 OHM LOAD SE125 SERIES IP,$598,OUT OF STOCK
SLF83354,"BATTERIES, QTY 4 12VDC 100A/H (SE250)",$2100,OUT OF STOCK
SLF83355,"BATTERIES, QTY 4 12VDC 33A/H (SE125)",$1150,OUT OF STOCK
SLF83357,SE TIMER/STATUS INDICATOR PANEL/DUAL RACK MOUNT,$1435,OUT OF STOCK
SLF83358,THRU-LINE WATTMETER WITH ELEMENT ( 200KHZ to 535KHZ),$6515,OUT OF STOCK
SLF83359,THURLINE WATTMETER WITH ELEMENT ( 450KHZ to 2.5MHZ),$2195,OUT OF STOCK
SLF83360,SE SYSTEM REMOTE CONTROL OVER ETHERNET EXTENDER MODE,$5025,OUT OF STOCK
SLF83361, SE SYSTEM RCU OVER ETHERNET TO LEASED LINE MODEM,$8830,OUT OF STOCK
SLF83362,SE RCU SERIAL TO SINGLE MODE ST TERMINATED FIBER,$3950,OUT OF STOCK
SLF83367,"TIMER STATUS, OPTION SE SINGLE",$1030,OUT OF STOCK
SLF83370,EXTERNAL ARTIFICAL LOAD  SE125 SERIES,$598,OUT OF STOCK
SLF83377,"TIMER STATUS, OPTION SE125 IP DUAL",$1445,OUT OF STOCK
SLF83378,INTERNAL 50 OHM LOAD SE125/250 RACK MOUNT,$598,OUT OF STOCK
SLF83379,"BATTERY CHARGER, INTERNAL, SE125/250 RACK MOUNT",$1112,OUT OF STOCK
SLF83380,"ETHERNET REMOTE, DIGITAL I/O, 12 IN , 8 OUT 24VDC",$2289,OUT OF STOCK
SLF83381,"ANTENNA ANALYZER, HAND HELD, 50 OHM WITH ADAPTER",$1459,OUT OF STOCK
SLF83400,BATTERY CHARGER SE500/1000,$3588,OUT OF STOCK
SLF83500,AUDIO OPTION SE SERIES,$1340,OUT OF STOCK
SLF83501,AUDIO OPTION SE125/250 RM,$1590,OUT OF STOCK
SLF83600,HEATER OPTION SE SERIES/C3 ATU,$1945,OUT OF STOCK
SLF87720,"OPTION, 32 RAD COUNTERPOISE UPGRADE(34ft, 40ft, 50ft, 60ft)",$1989,OUT OF STOCK
SLF87730,"OPTION, 32 RAD COUNTERPOISE UPGRADE(90ft,120ft,145ft, 200ft)",$1989,OUT OF STOCK
SLF87740,"OPTION, 24 RAD COUNTERPOISE (SYM T)",$2345,OUT OF STOCK
SLG10100,"ASSEMBY, EEPROM, CF PROCESSOR SOFTWARE 100W REV K  (REF U19)",$660,OUT OF STOCK
SLJ00005,"ASSEMBLY,  HARDWARE KIT 60 TOWERS 110 MPH",$3550,OUT OF STOCK
SLJ00009,"ASSEMBLY,  HARDWARE KIT 50FT GUY MAST HW",$4209,OUT OF STOCK
SLJ00012,"ASSEMBLY,  HARDWARE KIT 90 FT GUY MAST HIGH POWER",$3790,OUT OF STOCK
SLJ00014,"ASSEMBLY,  HARDWARE  KIT 120FT GUY MAST",$5095,OUT OF STOCK
SLJ00015,"ASSEMBLY,  HARDWARE  KIT 120FT GUY TOWERS",$6141,OUT OF STOCK
SLJ00021,"ASSEMBLY, HARDWARE  KIT 90FT GUY TOWERS",$3845,OUT OF STOCK
SLJ00102,"ASSEMBLY, SA25-200 DUAL VOICE OPTION",$1290,OUT OF STOCK
SLJ00103,"ASSEMBLY,  SA25-100 SINGLE VOICE OPTION",$625,OUT OF STOCK
SLJ00115,"OBSTRUCTION LED KIT, 60FT  SYM T,  W/CND,  220V",$3386,OUT OF STOCK
SLJ00177,"OBSTRUCTION LIGHT KIT, 60FT MAST W/CND 110/220V OPTION",$7322,OUT OF STOCK
SLJ00179,"OBSTRUCTION LIGHT KIT, 90FT MAST W/CND 110/220V OPTION",$10750,OUT OF STOCK
SLJ00185,"OBSTRUCTION LIGHT KIT, 120FT SYM T, W/CND 220V",$5680,OUT OF STOCK
SLJ00194,"OBSTRUCTION LIGHT KIT, 50FT MAST W/CND 110/220V OPTION",$9500,OUT OF STOCK
SLJ00195,"OBSTRUCTION LIGHT KIT, 60FT SYM T, W/CND 220V",$4150,OUT OF STOCK
SLJ00197,"OBSTRUCTION LED KIT, 50FT MAST, W/CND, 110V/220V OPTION",$4042,OUT OF STOCK
SLJ00203,"OBSTRUCTION LED KIT, 40FT MAST W/CND, 110/220V OPTION",$9500,OUT OF STOCK
SLJ00204,"OBSTRUCTION LED KIT, 60FT MAST W/CND, 110/220V OPTION",$9700,OUT OF STOCK
SLJ00205,"OBSTRUCTION LED KIT, 90FT MAST W/CND, 110/220V OPTION",$4402,OUT OF STOCK
SLJ00340,"OBSTRUCTION LIGHT KIT, 40FT MAST W/CND 110/220V OPTION",$7218,OUT OF STOCK
SLJ10000,34FT MAST ANTENNA UPGRADE KIT WITH PERIMETER WIRE,$7031,OUT OF STOCK
SLJ10001,PERIMETER WIRE UPGRADE KIT WITH RDLS,$2590,OUT OF STOCK
SLJ10003,PERIMETER WIRE UPGRADE KIT,$865,OUT OF STOCK
SLJ10103,"OBSTRUCTION LIGHT KIT, 90FT SYM T, W/CND 220V",$3386,OUT OF STOCK
SLJ20050,"ASSEMBLY, KIT INSULATOR PC1000C/3",$838,OUT OF STOCK
SLJ20051,"ASSEMBLY, KIT INSULATOR PC1000C3",$838,OUT OF STOCK
SLJ20100,"ASSEMBLY, KIT INSULATOR 1K ATU",$4202,OUT OF STOCK
SLJ61740,"ASSEMBLY, TEST EQUIPMENT 220VAC",$4419,OUT OF STOCK
SLJ80001,CUSTOMER SERVICE BULLETIN KIT (SLP45000),$80,OUT OF STOCK
SLJ80002,CUSTOMER SERVICE BULLETIN KIT (SLP452000),$80,OUT OF STOCK
SLJ80003,CUSTOMER SERVICE BULLETIN KIT SE125 DUAL (SLP45400),$90,OUT OF STOCK
SLJ80004,CUSTOMER SERVICE BULLETIN KIT SE125 DUAL (SLP45100),$112,OUT OF STOCK
SLJ80005,CUSTOMER SERVICE BULLETIN KIT (SLF20050/C3 CABLES),$93,OUT OF STOCK
SLJ80006,CUSTOMER SERVICE BULLETIN KIT (SE125 SINGLE CABLES),$179,OUT OF STOCK
SLJ80007,CUSTOMER SERVICE BULLETIN KIT (SE500 CABLES),$179,OUT OF STOCK
SLJ80008,CUSTOMER SERVICE BULLETIN KIT (SE125-250 RACK MOUNT CABLES),$146,OUT OF STOCK
SLJ80009,CUSTOMER SERVICE BULLETIN KIT (SE125 DUAL CABLES),$250,OUT OF STOCK
SLJ80010,CUSTOMER SERVICE BULLETIN KIT SE500 SLP05102/SLP46900,$3500,OUT OF STOCK
SLJ80011,CUSTOMER SERVICE BULLETIN KIT SE125 SINGLE (SLP45100),$80,OUT OF STOCK
SLJ80012,CUSTOMER SERVICE BULLETIN KIT SE125 SINGLE (SLP45400),$80,OUT OF STOCK
SLJ80013,CUSTOMER SERVICE BULLETIN KIT SE500  (SLP45100),$112,OUT OF STOCK
SLJ80014,CUSTOMER SERVICE BULLETIN KIT (SLF83367),$94,OUT OF STOCK
SLJ80015,CUSTOMER SERVICE BULLETIN KIT (9C310000),$90,OUT OF STOCK
SLK00030,SAFETY CABLE FOR 30FT 25G SYM-T,$3959,OUT OF STOCK
SLK00040,SAFETY CABLE FOR 40FT 25G MAST,$2370,OUT OF STOCK
SLK00050,SAFETY CABLE FOR 50FT 25G MAST,$2370,OUT OF STOCK
SLK00060,SAFETY CABLE FOR 60FT 25G MAST,$2370,OUT OF STOCK
SLK00061,SAFETY CABLE FOR 60FT 25G SYM-T,$3959,OUT OF STOCK
SLK00090,SAFETY CABLE FOR 90FT 25G MAST,$2742,OUT OF STOCK
SLK00091,SAFETY CABLE FOR 90FT 25G SYM-T,$4702,OUT OF STOCK
SLK00120,SAFETY CABLE FOR 120FT 25G MAST,$3190,OUT OF STOCK
SLK00121,SAFETY CABLE FOR 120FT 25G SYM-T,$5599,OUT OF STOCK
SLK00200,SAFETY CABLE FOR 200FT 25G MAST,$3716,OUT OF STOCK
SLK00201,SAFETY CABLE FOR 200FT 25G SYM-T,$6650,OUT OF STOCK
SLK30002,"KIT, MOUNTING SA SYSTEM W/34' MAST ANTENNA",$100,OUT OF STOCK
SLK30004,"KIT, MOUNTING, SA SYSTEM W/SYMMETRICAL ""T"" ANTENNA",$100,OUT OF STOCK
SLK30005,"KIT, MOUNTING COUPLERS WITH HELIPAD ANTENNA",$575,OUT OF STOCK
SLK33001,"KIT, HARDWARE/SHIP SE 125",$175,OUT OF STOCK
SLK49190,KIT INSTALLATION MAST AND TOWER ANT,$4920,OUT OF STOCK
SLM00001,"ASSEMBLY, TOP HAT GUY, HIGH POWER, 120'",$526,OUT OF STOCK
SLM05037,"ASSEMBLY, MEMBRANE PANEL WITH OVERLAY",$1296,OUT OF STOCK
SLM09070,"ASSEMBLY,  INSULATOR SUPPORT POLE CAP 437",$1940,OUT OF STOCK
SLM09071,"ASSEMBLY,  INSULATOR SUPPORT POLE CAP 437 REPLACEMENT",$1940,OUT OF STOCK
SLM09080,"ASSEMBLY,  INSULATOR SUPPORT POLE FOR SLF10022",$848,OUT OF STOCK
SLM09083,"ASSEMBLY,  HARDWARE KIT, H ANTENNA",$1598,OUT OF STOCK
SLM09084,"ASSEMBLY,  INSULATOR SUPPORT POLE CAP 437",$948,OUT OF STOCK
SLM09740,"ASSEMBLY,  INSULATOR GUY 56FT (17m)",$418,OUT OF STOCK
SLM09742,"ASSEMBLY, INSULATOR GUY 56FT (17m) (1/4 CABLE)",$448,OUT OF STOCK
SLM09750,"ASSEMBLY, TOP HAT GUY 72FT (22m)",$534,OUT OF STOCK
SLM09751,"ASSEMBLY, TOP HAT GUY 72FT (22m) (1/4 CABLE)",$569,OUT OF STOCK
SLM10050,"OBSOLETE, ASSEMBLY,  STRAIN INSULATOR (SEE SLM10051)",$290,OUT OF STOCK
SLM10051,"ASSEMBLY,  STRAIN INSULATOR REPLACEMENT",$430,OUT OF STOCK
SLM17300,"ASSEMBLY,  COILFORM",$30,OUT OF STOCK
SLM19960,"ASSEMBLY,  COIL FORM PC-1000H",$64,OUT OF STOCK
SLM21310,"ASSEMBLY,  SHIELD KILOAD RES",$56,OUT OF STOCK
SLM24170,"ASSEMBLY,  INSULATOR  GUY 70",$130,OUT OF STOCK
SLM24180,"ASSEMBLY,  INSULATOR  GUY 84 .B",$132,OUT OF STOCK
SLM24190,"ASSEMBLY, INSULATOR  GUY 102",$138,OUT OF STOCK
SLM24200,"ASSEMBLY, INSULATOR  GUY 164",$153,OUT OF STOCK
SLM24210,"ASSEMBLY,  INSULATOR  GUY 180",$153,OUT OF STOCK
SLM24230,"ASSEMBLY,  INSULATOR  GUY 113",$366,OUT OF STOCK
SLM24240,"ASSEMBLY,  INSULATOR  GUY 138",$380,OUT OF STOCK
SLM24250,"ASSEMBLY,  INSULATOR  GUY 93",$358,OUT OF STOCK
SLM24260,"ASSEMBLY,  INSULATOR  GUY 76ft",$348,OUT OF STOCK
SLM24410,"ASSEMBLY, TOP HAT GUY 154",$451,OUT OF STOCK
SLM24430,"ASSEMBLY,  TOP HAT GUY 194",$166,OUT OF STOCK
SLM24500,"ASSEMBLY,  STD GUY 104",$125,OUT OF STOCK
SLM24510,"ASSEMBLY,  STD GUY 113",$136,OUT OF STOCK
SLM24520,"ASSEMBLY, STD GUY 127",$140,OUT OF STOCK
SLM24530,"ASSEMBLY, STD GUY 144",$166,OUT OF STOCK
SLM24540,"ASSEMBLY, STD GUY 163",$165,OUT OF STOCK
SLM24550,"ASSEMBLY, STD GUY 60 .A",$74,OUT OF STOCK
SLM24560,"ASSEMBLY, STD GUY 80 .A",$88,OUT OF STOCK
SLM24570,"ASSEMBLY, STD GUY 121",$139,OUT OF STOCK
SLM24580,"ASSEMBLY, STD GUY 98",$120,OUT OF STOCK
SLM24590,"ASSEMBLY, STD GUY 93",$117,OUT OF STOCK
SLM24600,"ASSEMBLY, STD GUY 137",$151,OUT OF STOCK
SLM24610,"ASSEMBLY, STD GUY 233",$214,OUT OF STOCK
SLM24620,"ASSEMBLY, STD GUY 246",$224,OUT OF STOCK
SLM24630,"ASSEMBLY, STD GUY 273",$244,OUT OF STOCK
SLM24640,"ASSEMBLY, STAND GUY 83",$109,OUT OF STOCK
SLM24650,"ASSEMBLY, STAND GUY 68",$97,OUT OF STOCK
SLM24730,"ASSEMBLY,  STRAIN INSULATOR",$125,OUT OF STOCK
SLM24750,"ASSEMBLY,  STRAIN INSULATOR",$175,OUT OF STOCK
SLM24950,"ASSEMBLY,  CND 12",$59,OUT OF STOCK
SLM24970,"ASSEMBLY,  CND 30",$52,OUT OF STOCK
SLM24980,"ASSEMBLY, CND 36",$45,OUT OF STOCK
SLM24990,"ASSEMBLY,  CND 42",$58,OUT OF STOCK
SLM25000,"ASSEMBLY,  CND 48",$186,OUT OF STOCK
SLM25030,"ASSEMBLY, CND 6",$38,OUT OF STOCK
SLM25040,"ASSEMBLY,  CND 18 LG",$78,OUT OF STOCK
SLM29660,"ASSEMBLY, TOP GUY HAT, 82FT (25m)",$778,OUT OF STOCK
SLM29661,"ASSEMBLY, TOP GUY HAT,  82FT (25m) (1/4 CABLE)",$842,OUT OF STOCK
SLM29670,"ASSEMBLY,  INSULATOR GUY 65FT (20m)",$691,OUT OF STOCK
SLM29671,"ASSEMBLY, INSULATOR  GUY,  65FT (20m) (1/4 CABLE)",$750,OUT OF STOCK
SLM30880,"ASSEMBLY, GUY MAST ANTENNA LEAD 54''",$87,OUT OF STOCK
SLM30881,"ASSEMBLY, GUY MAST ANTENNA LEAD 72''",$87,OUT OF STOCK
SLM30900,"ASSEMBLY, CPSE FOR MAST ANTENNA 145",$1517,OUT OF STOCK
SLM32630,"ASSEMBLY, MOUNT, TRANSFORMER, TOP 1",$250,OUT OF STOCK
SLM33000,"ASSEMBLY, SE DUAL MASTER CONTROL PANEL WITH OVERLAY",$3480,OUT OF STOCK
SLM33003,"OBSOLETE,  POWER CONTROL PANEL 19 X 3.47""  WITH OVERLAY",$1531,OUT OF STOCK
SLM33030,"ASSEMBLY, SE SINGLE MASTER CONTROL PANEL W/OVERLAY",$3480,OUT OF STOCK
SLM34200,"ASSEMBLY, GUY LINK",$58,OUT OF STOCK
SLM34740,"OBSTRUCTION LIGHT KIT PLATE ASSY BULB (40, 50, 60' MAST ANT)",$500,OUT OF STOCK
SLM34741,"OBSTRUCTION LED KIT PLATE ASSY,  (90, 100, 120' MAST)",$500,OUT OF STOCK
SLM34743,"OBSTRUCTION LED KIT PLATE ASSY,  (40, 50, 60 MAST ANT)",$500,OUT OF STOCK
SLM34760,"ASSEMBLY, MOUNT TRANSFORMER BOTTOM 1",$244,OUT OF STOCK
SLM35220,"ASSEMBLY,  DPA LWR RSS",$1,OUT OF STOCK
SLM35260,"ASSEMBLY,  DPA UPR RGS",$1,OUT OF STOCK
SLM35320,"ASSEMBLY,  DPA LWR ANT",$1,OUT OF STOCK
SLM35330,"ASSEMBLY,  DPA UPR ANT",$1,OUT OF STOCK
SLM39660,"ASSEMBLY,  BRTHR/JCT BOX",$110,OUT OF STOCK
SLM39670,"ASSEMBLY,  FAB CND OFFSET 10",$88,OUT OF STOCK
SLM40740,"ASSEMBLY, ANTI-ICE HORIZ INS HTER JKT",$307,OUT OF STOCK
SLM41050,"ASSEMBLY, SYM T KILO OVHD ONLY",$2995,OUT OF STOCK
SLM43510,"ASSEMBLY, DPA PUL GUY :10",$220,OUT OF STOCK
SLM44610,"ASSEMBLY, GUY LWR DPA :10",$65,OUT OF STOCK
SLM44650,BAG DPA TRANSIT :02,$438,OUT OF STOCK
SLM44900,"ASSEMBLY, ANTENNA LEAD 54 COP",$85,OUT OF STOCK
SLM44910,"ASSEMBLY,  ANTENNA LEAD 54""-1/8 COPPER",$85,OUT OF STOCK
SLM46320,"ASSEMBLY, GUY LINK 45G",$60,OUT OF STOCK
SLM46340,"ASSEMBLY, TOP HAT GUY 90 45G",$325,OUT OF STOCK
SLM51150,"AHR ROD PLG 3/4X1/2"" W/EYE",$127,OUT OF STOCK
SLM51160,"ASSEMBLY, INSULATOR GUY 46ft (14m)",$397,OUT OF STOCK
SLM52590,"ASSEMBLY, FAB SPR BEND JIG",$12,OUT OF STOCK
SLM55300,"ASSEMBLY, INSULATOR H ANTENNA",$315,OUT OF STOCK
SLM55301,"ASSEMBLY, INSULATOR H ANTENNA",$315,OUT OF STOCK
SLM56700,"ASSEMBLY,  KIT PC COUPLER WALL INSL W/RAIN SHIELD",$258,OUT OF STOCK
SLM61731,"ASSEMBLY, ENCLOSURE, SA25-100 SINGLE/IP66",$2558,OUT OF STOCK
SLM64774,"ASSEMBLY, ENCLOSURE SA25-100 DUAL UNIVERSAL/IP66",$2800,OUT OF STOCK
SLM67720,"ASSEMBLY, CPSE FOR MAST ANTENNA",$1881,OUT OF STOCK
SLM67730,"ASSEMBLY,  COUNTERPOISE SYM T",$1350,OUT OF STOCK
SLM67740,"ASSEMBLY, HARDWARE KIT,  34' MAST ANTENNA",$816,OUT OF STOCK
SLM67750,"ASSEMBLY, HARDWARE KIT,  50FT GUY MAST",$3092,OUT OF STOCK
SLM67760,"ASSEMBLY, HARDWARE KIT, 60FT GUY MAST",$3950,OUT OF STOCK
SLM67880,"ASSEMBLY, HARDWARE  KIT 60FT GUY TOWERS",$2687,OUT OF STOCK
SLM67900,"ASSEMBLY,  COUNTERPOISE SYM T",$1125,OUT OF STOCK
SLM68770,"ASSEMBLY, CPSE FOR MAST ANT 20 METER SQ",$1328,OUT OF STOCK
SLM68790,"ASSEMBLY, CTPS F/OMNI MAST 36 RDLS 10/90",$1873,OUT OF STOCK
SLM69260,"ASSEMBLY, CPSE 120 MAST ANTENNA",$3100,OUT OF STOCK
SLM69270,"ASSEMBLY, CPSE 90 MAST ANTENNA",$1101,OUT OF STOCK
SLM69520,"ASSEMBLY,  RDL 8 REPL 34 MAST",$994,OUT OF STOCK
SLM69530,"ASSEMBLY,  RDL 8 REPL 50 MAST",$280,OUT OF STOCK
SLM77008,"ASSEMBLY; COUNTERPOISE GROUND, PORTABLE ANTENNA",$2031,OUT OF STOCK
SLP01014,"PCB, 3U EXTENDER CARD",$123,OUT OF STOCK
SLP05004,"PCB, RF / AC / DC TRANSFER BOARD, 24V",$3056,OUT OF STOCK
SLP05006,"PCB, RF/AC/DC XFER BD 24V W/AUDIO OPTION/ 220V SINGLE",$2440,OUT OF STOCK
SLP05008,"PCB, DC AUTO DISCONNECT",$2962,OUT OF STOCK
SLP05100,"PCB, DMOD DGPS 500W",$2249,OUT OF STOCK
SLP05101,"PCB,  SPA DGPS SC SERIES",$2434,OUT OF STOCK
SLP05102,"PCB, POWER SUPPLY 500W",$2123,OUT OF STOCK
SLP05200,"PCB, POWER SUPPLY CAPACITOR BANK",$979,OUT OF STOCK
SLP05300,"PCB, RSIM MOTHER BOARD SC200",$4108,OUT OF STOCK
SLP05301,"PCB, RSIM MOTHER BOARD SC500/1000",$1821,OUT OF STOCK
SLP05401,"PCB, TRANSMITTER/MSK INTERFACE SC1000",$2122,OUT OF STOCK
SLP05600,"PCB, MASTER CONTROL SC200",$1570,OUT OF STOCK
SLP06011,"PCB, LOW VOLTAGE DISCONNECT",$370,OUT OF STOCK
SLP07200,"PCB, DB25 TO DB48 FANTOUT/ATU I/O",$1593,OUT OF STOCK
SLP07400,"PCB, CURRENT SENSE PC1KILO",$1336,OUT OF STOCK
SLP08000,"PCB, DCO BD UN-PROGRAMMED",$450,OUT OF STOCK
SLP08001,"PCB, DCO BD 340-500",$2370,OUT OF STOCK
SLP09602,"PCB, KEYER CODE SA SER",$2958,OUT OF STOCK
SLP09603,"PCB, KEYER CODE DS410 SER",$2054,OUT OF STOCK
SLP09701,"PCB, CODER SHIFT REGISTER PCB",$3618,OUT OF STOCK
SLP09904,"PCB, AUTOTRANSFER LOGIC PCB, SA SERIES",$3291,OUT OF STOCK
SLP09906,"PCB, TRANSFER LOGIC",$3291,OUT OF STOCK
SLP10002/00,"OBSOLETE PCB,  FILTER/BRIDGE STANDARD",$4627,OUT OF STOCK
SLP10004,"PCB, RF MOTHERBOARD/ 250 W",$3380,OUT OF STOCK
SLP10005,"PCB,  ANALOG I/O",$3880,OUT OF STOCK
SLP10006,"PCB, USER INTERFACE, DUAL",$3669,OUT OF STOCK
SLP10007,"OBSOLETE PCB, CF CONTROLLER",$4153,OUT OF STOCK
SLP10009,"PCB, DIGITAL I/O AND PWM",$2278,OUT OF STOCK
SLP10012,"PCB,  DUAL CONTROLLER  MOTHERBOARD",$2530,OUT OF STOCK
SLP10016,"OBSOLETE PCB, LOCAL CONTROL MONITOR PCB, 250 W",$3202,OUT OF STOCK
SLP10017,"PCB, LOW VOLTAGE POWER SUPPLY",$3575,OUT OF STOCK
SLP10018,"PCB, SINGLE CONTROLLER MOTHERBOARD",$2200,OUT OF STOCK
SLP10019,"PCB, USER INTERFACE (SINGLE)",$1409,OUT OF STOCK
SLP10040,"PCB, 6U EXTENDER CARD",$189,OUT OF STOCK
SLP10104,"PCB, RF MOTHERBOARD 25-100 WATT",$3619,OUT OF STOCK
SLP10400,"PCB, LIMIT SWITCH COMPLETE",$1589,OUT OF STOCK
SLP13700,"PCB, STATUS INDICATOR",$2622,OUT OF STOCK
SLP14220,"PCB, AUTOTUNE MOTOR DRIVER",$2496,OUT OF STOCK
SLP14240,"PCB, AUTOTUNE MOTOR DRIVER",$3595,OUT OF STOCK
SLP16300,"PCB, KWOSYN SA AND KILO SERIES",$3362,OUT OF STOCK
SLP16330,"PCB, KWOSYN MABS",$1621,OUT OF STOCK
SLP21400,"PCB,  AUDIO BOARD",$4157,OUT OF STOCK
SLP22220,"PCB, DRIVER BOARD, DS410, SSC",$4975,OUT OF STOCK
SLP24300,"PCB, SERIAL INTERFACE PWB",$3402,OUT OF STOCK
SLP24540,"PCB, LOCAL CONTROL MOTHERBOARD,",$4666,OUT OF STOCK
SLP24630,"PCB,  RESET SA",$1250,OUT OF STOCK
SLP24710,"PCB, TRANSFER IDCTR REMOTE",$2283,OUT OF STOCK
SLP24730,"PCB, TRANSFER INDICATOR LOCAL SPAIN",$1677,OUT OF STOCK
SLP26300,"PCB, DOUBLE SIDED EXTENDER",$150,OUT OF STOCK
SLP26301,"PCB, DOUBLE SIDED EXTENDER, 250W",$340,OUT OF STOCK
SLP27100,"OBS PCB,  V CUT OUT",$1899,OUT OF STOCK
SLP29200,"PCB, DC-DC OUT BSTR",$1820,OUT OF STOCK
SLP29210,"PCB, DC-DC OUT DVRV",$1764,OUT OF STOCK
SLP29220,"PCB, 144VDC TO 24VDC SC SER 6808",$225,OUT OF STOCK
SLP29600,"PCB, SPA SA SERIES",$4653,OUT OF STOCK
SLP29700,"PCB, FILTER SPA SA SERIES",$3295,OUT OF STOCK
SLP29720,"PCB,  FILTER SPA 535-650 KHZ",$2288,OUT OF STOCK
SLP29730,"PCB, FILTER H SPA 1500-1800 KHZ",$2288,OUT OF STOCK
SLP29740,"PCB, SA FILTER SPA 500-1250 KHZ",$2288,OUT OF STOCK
SLP298A0,"PCB, DMOD SA SER",$4671,OUT OF STOCK
SLP29910,"PCB, POWER SUPPLY SA  SERIES",$2812,OUT OF STOCK
SLP30000,"PCB, RFMB SA SERIES",$2878,OUT OF STOCK
SLP30330,"PCB, DC SNGL SA H SER",$3606,OUT OF STOCK
SLP30340,"PCB, DC DUAL SA H SER",$3606,OUT OF STOCK
SLP30400,"PCB, ACTRL SA200   (PARTS ORDER ONLY UNITS 11/06 REV K)",$2880,OUT OF STOCK
SLP30420,"PCB, ACTRL SA SER",$2880,OUT OF STOCK
SLP30500,"PCB,  TONE KEY SA SER",$2855,OUT OF STOCK
SLP30700,"PCB,  DCH SA SERIES",$1965,OUT OF STOCK
SLP30800,"PCB, HWRF SA SERIES",$2187,OUT OF STOCK
SLP31100,"PCB,  AMTR1 SA SERIES",$3093,OUT OF STOCK
SLP31210,"PCB,  MONITOR CONTROL SA25-200 SERIES",$4198,OUT OF STOCK
SLP31400,"PCB, AUTOTRANSFER CONTROL, PCB 314, SA SERIES",$3722,OUT OF STOCK
SLP32000,"PCB, SA LED",$1706,OUT OF STOCK
SLP32800,"PCB, RFMB 250W",$2320,OUT OF STOCK
SLP33090,"PCB, SE RCU SERIAL INTERFACE",$1871,OUT OF STOCK
SLP34050,"PCB, SE500 MUX, SE SERIES",$1384,OUT OF STOCK
SLP34051,"PCB, SE1000 MUX, SE SERIES",$1360,OUT OF STOCK
SLP34200,"PCB, ACTRL SAU SER",$306,OUT OF STOCK
SLP34300,"PCB, AMTR2, SAU SERIES",$250,OUT OF STOCK
SLP34310,"PCB, AMTR2 SB SER",$680,OUT OF STOCK
SLP34500,"PCB, SC RF FILTER, 11 ELEMENT",$1216,OUT OF STOCK
SLP34900,"PCB,  MDL DISC SA 250W",$1447,OUT OF STOCK
SLP35010,"PCB, PC1KILO MOTHERBOARD USCG",$1887,OUT OF STOCK
SLP35300,"PCB, MONITOR RECEIVER MR-5",$1774,OUT OF STOCK
SLP35710,"PCB, MTR PC.5KILO",$1861,OUT OF STOCK
SLP36400,"PCB, SPA SA SERIES",$3232,OUT OF STOCK
SLP37000,"PCB, REMOTE DISPLAY RELAY RSA SERIES",$3020,OUT OF STOCK
SLP37400,"PCB, MOD DISC SC SERIES",$980,OUT OF STOCK
SLP37401,"PCB,  P. A. STATUS MODULE",$1775,OUT OF STOCK
SLP37700,"PCB,  FILTER/COMBINER MOTHERBOARD SC SERIES",$3568,OUT OF STOCK
SLP37730,"PCB, FILTER / COMBINER MOTHER BOARD, SA 300-500",$1752,OUT OF STOCK
SLP37740,"PCB,  FILTER / COMBINER MOTHERBOARD, SA1000",$1817,OUT OF STOCK
SLP38100,"PCB, SC LED",$220,OUT OF STOCK
SLP38310,"PCB, POWER RELAY SA SERIES",$2662,OUT OF STOCK
SLP38400,"PCB, SINGLE POLE SWITCH (POWER) SC SERIES",$175,OUT OF STOCK
SLP38410,"PCB, SINGLE POLE SWITCH  SC SERIES",$625,OUT OF STOCK
SLP38500,"PCB, 4 POLE SWITCH SC SERIES",$1050,OUT OF STOCK
SLP39800,"PCB, POWER SUPPLY 24V/12V/5V SC SERIES",$950,OUT OF STOCK
SLP40600,"PCB, EXCITER MOTHERBOARD SA SERIES",$2915,OUT OF STOCK
SLP41800,"PCB,  ANTENNA CURRENT/TUNING METER PC1000C/2",$2261,OUT OF STOCK
SLP41801,"PCB,  ANTENNA CURRENT/TUNING METER PC1000C/3",$2261,32 In Stock
SLP41801/01,"PCB, ANTENNA CURRENT/TUNING METER PC1000C/3",$2261,OUT OF STOCK
SLP41900,"OBS PCB, AUTOTUNE MOTOR DRIVER PC1000C/2 (RC) (SEE SLP42000)",$3595,OUT OF STOCK
SLP41900/01,OBS;PCB AUTOTUNE MOTOR DRIVER PC1000H (RC) (SEE SLP4200/02),$1819,OUT OF STOCK
SLP41900/02,"OBS PCB, AUTOTUNE MOTOR DRIVER PC1000M (RC)  SEE SLP42000/01",$1819,OUT OF STOCK
SLP42000,"PCB, AUTOTUNE MOTOR DRIVER PC1000C/3",$3595,OUT OF STOCK
SLP42000/01,"PCB,  AUTOTUNE MOTOR DRIVER PC1000M3",$2182,OUT OF STOCK
SLP42000/02,"PCB, AUTOTUNE MOTOR DRIVER PC1000H3",$2182,OUT OF STOCK
SLP42001,"PCB,  AUTOTUNE MOTOR DRIVER PC1000C/3",$3595,17 In Stock
SLP43300,"PCB, MASTER CONTROL (SE SERIES)",$2680,53 In Stock
SLP44000,"PCB, REMOTE STATUS OPTO INTERFACE",$1080,OUT OF STOCK
SLP45500,"PCB, TRANSMITTER CONTROL",$2287,44 In Stock
SLP45600,"PCB, BATTERY SENSE VOLTAGE REGULATOR  (SE SERIES)",$1243,OUT OF STOCK
SLP45601,"PCB, BATTERY SENSE VOLTAGE REGULATOR  (SE SERIES)",$1036,OUT OF STOCK
SLP45900,"PCB, RELAY",$2078,OUT OF STOCK
SLP46700,"PCB, AUDIO I/O",$1540,OUT OF STOCK
SLP46800,"PCB, AUDIO  (SE SERIES)",$1025,OUT OF STOCK
SLP46900,"PCB, BATTERY SENSE POWER CONTROL SE500",$1914,OUT OF STOCK
SLP46901,"PCB, BATTERY SENSE POWER CONTROL SE1000",$1892,OUT OF STOCK
SLP47100,"PCB, SE SERIES COMBINER",$1673,OUT OF STOCK
SLP47200,"PCB, RF BRIDGE SE500",$1818,OUT OF STOCK
SLP48000,"PCB, SPA, SE, 250 WATT",$1779,OUT OF STOCK
SLP52100,"PCB, COUPLER CONTROL BOARD (DGPS)",$4100,OUT OF STOCK
SLP52101,"PCB, COUPLER CONTROL BOARD (NDB)",$3751,3 In Stock
SLP52200,"PCB,  COUPLER RELAY",$2262,OUT OF STOCK
SLP52300,"PCB,   RF SENSOR",$2491,OUT OF STOCK
SLP52500,"PCB,  CURRENT SENSOR",$6486,OUT OF STOCK
SLP52600,"PCB, SURGE PROTECTION",$1855,OUT OF STOCK
SLP52700,"PCB, MOTOR/SENSOR ""L"" MATCH",$1600,OUT OF STOCK
SLP52800,"PCB,ATU RS485 SERIAL INTERFACE",$1885,OUT OF STOCK
SLR00000,"ASSEMBLY, A SECT REPLMNT",$3052,OUT OF STOCK
SLR00001,"ASSEMBLY, B SECT REPLMNT",$4840,OUT OF STOCK
SLR00002,"ASSEMBLY, C SECT REPLMNT :30",$1851,OUT OF STOCK
SLR00003,"ASSEMBLY, D SECT REPLMNT",$10115,OUT OF STOCK
SLR00004,"ASSEMBLY, INSULATED WINDOW REPLACEMENT",$1600,OUT OF STOCK
SLR35720,"ASSEMBLY, FIELD REPLACEMENT PC1000C/2 COUPLER MOTOR",$150,OUT OF STOCK
SLW05061,"ASSEMBLY, CABLE RIBBON CONTROL PANEL",$93,OUT OF STOCK
SLW05099,"ASSEMBLY, SC500 AND SC1000 TRANSMITTER TO PV1000 ATU (750FT)",$4147,OUT OF STOCK
SLW09001,"ASSEMBLY, LEAD, FINE TAPS SELECTION",$50,OUT OF STOCK
SLW10017,"ASSEMBLY,  SURGE SURPRESSORS (SINGLE)",$100,OUT OF STOCK
SLW20050/D4,"ASSEMBLY, PC1000D/4 WIRE LIST",$130,OUT OF STOCK
SLW20150,"ASSEMBLY, SC500 AND SC1000 TRANSMITTER TO PV1000 ATU (125FT)",$1533,OUT OF STOCK
SLW20510,"ASSEMBLY, WIRE LIST SCR BRIDGE ASY",$73,OUT OF STOCK
SLW24010,"CABLE, RELAY BOARD INTERCONNECT",$125,OUT OF STOCK
SLW24011,"CABLE, ASSEMBLY 15 CONDUCTOR 12""",$130,OUT OF STOCK
SLW25940,"ASSEMBLY,  COAX RG58/U W/CONN F/LOOP-MR7",$400,OUT OF STOCK
SLW33004,"ASSEMBLY CABLE, 15 CONDUCTOR, 12""",$150,OUT OF STOCK
SLW33006,OBSOLETE ASSEMBLY SURGE SURPRESSOR (TRIPLE) SEE SLE33094,$152,OUT OF STOCK
SLW33010,"CABLE, SE TRANSMITTER TO COUPLER SINGLE/DUAL SE125",$195,OUT OF STOCK
SLW33027,"ASSEMBLY, RS485 INTERFACE CABLE",$35,OUT OF STOCK
SLW33031,"ASSEMBLY; CABLE, COAX RG58, BNC MALE/TYPE N MALE, 2.25FT",$57,OUT OF STOCK
SLW33033,"ASSEMBLY;  RS485 INTERFACE CABLE, 25FT",$50,OUT OF STOCK
SLW33034,"ASSEMBLY;  RS485 INTERFACE CABLE, 50FT",$100,OUT OF STOCK
SLW33035,"ASSEMBLY;  RS485 INTERFACE CABLE, 100FT",$200,OUT OF STOCK
SLW33036,"ASSEMBLY;  RS485 INTERFACE CABLE, 200FT",$400,OUT OF STOCK
SLW33037,"ASSEMBLY;  RS485 INTERFACE CABLE, 300FT",$600,OUT OF STOCK
SLW33060,"ASSEMBLY;  CABLE, SE125 SOFTWARE UPGRADE KIT",$100,OUT OF STOCK
SLW33062,"ASSEMBLY; CABLE, COAX RG58, BNC MALE/TYPE N FEMALE 8""",$200,OUT OF STOCK
SLW33200,"ASSEMBLY, WIRE HARNESS SE125 TRANSMITTER DRAWER",$310,OUT OF STOCK
SLW33330,"ASSEMBLY, LEAD B SECT",$29,OUT OF STOCK
SLW33505,"CABLE, TRANSMITTER TO COUPLER SE125-250, RG58/U, 100FT",$800,OUT OF STOCK
SLW33507,"CABLE, TRANSMITTER TO COUPLER SE125-250, RG58/U, 250FT",$2770,OUT OF STOCK
SLW33512,"CABLE, TRANSMITTER TO COUPLER SE125/250/500, RG8, 50FT",$615,OUT OF STOCK
SLW33514,"CABLE, TRANSMITTER TO COUPLER SE125/250/500, RG8, 200FT",$1800,OUT OF STOCK
SLW33515,"CABLE, TRANSMITTER TO COUPLER SE125/250/500, RG8, 250FT",$2700,OUT OF STOCK
SLW33518,"CABLE, TRANSMITTER TO COUPLER SE125/250/500, RG8, 350FT",$3150,OUT OF STOCK
SLW33526,"CABLE, TRANSMITTER TO COUPLER SE125/250/500, RG8, 650FT",$3482,OUT OF STOCK
SLW33530,"CABLE, TRANSMITTER TO COUPLER SE125/250/500, RG8, 1000FT",$6575,OUT OF STOCK
SLW33600,ASSEMBLY; AC CURRENT SENSE,$35,OUT OF STOCK
SLW34710,"ASSEMBLY, WIRE LIST TRANSFER REMOTE PANEL",$20,OUT OF STOCK
SLW35470,"ASSEMBLY, TAP SEL LEAD",$11,OUT OF STOCK
SLW35670,"ASSEMBLY, OUT LEAD F/CPLRS",$7,OUT OF STOCK
SLW35910,"ASSEMBLY, WIRE LIST AUTOTUNE BRACKET PC.5KILO",$26,OUT OF STOCK
SLW49120,"ASSEMBLY, WIRE LIST SA25-100 AC-DC DRWR",$88,OUT OF STOCK
SLW49250,"ASSEMBLY, GROUND STRAP SA 19""",$18,OUT OF STOCK
SLW49262,"ASSY, HRNESS, TRSFER TO XMITTER, SA25-100 D, UNIVERSAL",$598,OUT OF STOCK
SLW49270,"ASSEMBLY, GROUND STRAP SA 18""",$21,OUT OF STOCK
SLW49290,"ASSEMBLY, GROUND STRAP SA 24""",$18,OUT OF STOCK
SLW50661,"ASSEMBLY, WIRE LIST SA TO COUPLER SINGLE/DUAL 100'",$800,OUT OF STOCK
SLW50662,"ASSEMBLY, WIRE HARNESS SA TO PC1000C2/C3,H2/H3,M2/M3",$140,OUT OF STOCK
SLW50940,"ASSEMBLY, WIRE LIST SA100-200D RM 50",$145,OUT OF STOCK
SLW50960,"ASSEMBLY, WL TRANSFER TO TRANSMITTERS SA25-200 RACK MT",$317,OUT OF STOCK
SLW55290,"ASSEMBLY, WIRE LIST PANEL TIMER/STATUS INDCTR DS SER",$84,OUT OF STOCK
SLW56720,"ASSEMBLY, WIRE LIST DS410 WITH AUTO SHUTDOWN OPT",$163,OUT OF STOCK
SLW56790,"ASSEMBLY, OUTPUT AND TAP SEL LEAD PC1000C",$22,OUT OF STOCK
SLW60320,"ASSEMBLY, WIRE LIST MR-5 FRONT PANEL",$25,OUT OF STOCK
SLW64772,"ASSY, HARNESS, XFER TO ENCLOSURE, SA25-100 D UNIVERSAL",$421,OUT OF STOCK
SLW64850,"ASSEMBLY, WIRE LIST RSA 19"" RM",$141,OUT OF STOCK
SLW64970,"ASSEMBLY, GROUND LEAD 3FT",$48,OUT OF STOCK
SLW65340,"ASSEMBLY, ANTENNA LEAD 54IN COPPER 50-90 FT MAST",$31,OUT OF STOCK
SLW65930,"ASSEMBLY, WIRE LIST EMI FILTER MDL SA25-100D",$125,OUT OF STOCK
SLW68201,"ASSY, WIRE HARNESS, SA25-100 EC TO C2, M2 & H2 COUPLER",$125,OUT OF STOCK
